,,linear,linear,linear,linear,linear
,,a,b,$R^2$,t80,LE
HZB_JJ_1_D_C-13,0,1.611+/-0.016,11.2375+/-0.0006,0.3025537840718565,-1.3952959972065424,-14.111700454669615
HZB_JJ_1_D_C-15,0,-3.163+/-0.010,10.4440+/-0.0005,0.7685257922046596,0.08482777777777778,0.8745626362166545
HZB_JJ_1_B_C-7,0,3.35+/-0.04,2.8281+/-0.0013,0.25115396042053306,-0.1686053318877716,-0.42915468940582197
HZB_JJ_1_C_C-10,0,-1.155+/-0.024,11.0857+/-0.0007,0.1150009904474717,0.05400555555555555,0.5970040967495269
HZB_JJ_1_C_C-11,0,4.634+/-0.015,11.7419+/-0.0007,0.7775200380957897,-0.5067520683648191,-5.355227655179946
HZB_JJ_1_C_C-9,0,4.696+/-0.033,11.3690+/-0.0010,0.5443999315485553,-0.4841756540533484,-4.95414607459442
