,,,light_bias,bandgap_eqe,integrated_jsc,integrated_j0rad,voc_rad,urbach_energy,urbach_energy_fit_std_dev,plot,name
C-2_HZB_NormalRecipe_83_1,0,0,,1.5458377511751416,24.26206136330719,1.8363621071453698e-20,1.2572555887525845,0.018501804096424837,0.0016573562994045047,True, first test_AM 1 0
C-2_HZB_NormalRecipe_83_1,1,0,,1.543079789085623,25.43700564910945,2.113193690722732e-20,1.2548481802182367,0.016771952994077053,0.0013568408010906747,True, large 1_AM 1 0
C-1_HZB_NormalRecipe_83_1,0,0,,1.543079789085623,25.562578137281026,2.2306710671241537e-20,1.2535768410879795,0.018757590282507026,0.001659371431203774,True, 25.57 0
C-3_HZB_NormalRecipe_83_1,0,0,,1.543079789085623,25.39623250232021,2.0764001249351937e-20,1.2552607915506617,0.017564691706111087,0.0015427907940117397,True, large 2_AM 1_AM 1 0
